{
  "version": 1,
  "author": "mile room",
  "editor": "wokwi",
  "parts": [
    { "type": "wokwi-breadboard", "id": "bb1", "top": -79.8, "left": -112.4, "attrs": {} },
    { "type": "wokwi-arduino-uno", "id": "uno", "top": -76.2, "left": -375, "attrs": {} },
    {
      "type": "wokwi-ntc-temperature-sensor",
      "id": "ntc1",
      "top": 127.4,
      "left": -327,
      "attrs": {}
    },
    { "type": "wokwi-pir-motion-sensor", "id": "pir1", "top": -188, "left": -84.18, "attrs": {} },
    {
      "type": "wokwi-pushbutton",
      "id": "btn1",
      "top": -9.7,
      "left": -73.3,
      "rotate": 90,
      "attrs": { "color": "black" }
    },
    { "type": "wokwi-led", "id": "led1", "top": 6, "left": 13.4, "attrs": { "color": "blue" } },
    {
      "type": "wokwi-buzzer",
      "id": "bz1",
      "top": -16.8,
      "left": 88.2,
      "attrs": { "volume": "0.1" }
    },
    {
      "type": "wokwi-resistor",
      "id": "r1",
      "top": 81.6,
      "left": -58.15,
      "rotate": 90,
      "attrs": { "value": "1000" }
    },
    {
      "type": "wokwi-resistor",
      "id": "r2",
      "top": 81.6,
      "left": -0.55,
      "rotate": 90,
      "attrs": { "value": "470" }
    }
  ],
  "connections": [
    [ "uno:5V", "bb1:bp.1", "red", [ "v0" ] ],
    [ "uno:GND.2", "bb1:bn.1", "black", [ "v0" ] ],
    [ "bb1:bp.50", "bb1:tp.50", "green", [ "v0" ] ],
    [ "bb1:tn.49", "bb1:bn.49", "green", [ "v0" ] ],
    [ "ntc1:GND", "bb1:bn.2", "black", [ "h0" ] ],
    [ "ntc1:VCC", "bb1:bp.3", "red", [ "h0" ] ],
    [ "ntc1:OUT", "uno:A0", "green", [ "h0" ] ],
    [ "pir1:GND", "bb1:tn.5", "black", [ "v0" ] ],
    [ "pir1:VCC", "bb1:tp.3", "red", [ "v0" ] ],
    [ "pir1:OUT", "uno:4", "green", [ "v19.2", "h-124.94" ] ],
    [ "bb1:5t.a", "uno:2", "gray", [ "v-9.6", "h-96" ] ],
    [ "bb1:14b.f", "uno:3", "blue", [ "v-38.4", "h-182.4" ] ],
    [ "bb1:22b.j", "bb1:bn.17", "green", [ "v0" ] ],
    [ "bb1:23b.j", "uno:5", "violet", [ "v9.6", "h-278.4" ] ],
    [ "led1:A", "bb1:14b.g", "", [ "$bb" ] ],
    [ "led1:C", "bb1:13b.g", "", [ "$bb" ] ],
    [ "bz1:1", "bb1:22b.i", "", [ "$bb" ] ],
    [ "bz1:2", "bb1:23b.i", "", [ "$bb" ] ],
    [ "r1:1", "bb1:7b.h", "", [ "$bb" ] ],
    [ "r1:2", "bb1:bn.5", "", [ "$bb" ] ],
    [ "r2:1", "bb1:13b.h", "", [ "$bb" ] ],
    [ "r2:2", "bb1:bn.10", "", [ "$bb" ] ],
    [ "btn1:1.l", "bb1:7t.b", "", [ "$bb" ] ],
    [ "btn1:2.l", "bb1:5t.b", "", [ "$bb" ] ],
    [ "btn1:1.r", "bb1:7b.g", "", [ "$bb" ] ],
    [ "btn1:2.r", "bb1:5b.g", "", [ "$bb" ] ]
  ],
  "dependencies": {}
}